{"cameraMode":{"drawMode":0,"name":"Shaded","section":"Shading Mode"},"sceneLighting":false,"audioPlay":false,"sceneViewState":{"m_AlwaysRefresh":false,"showFog":true,"showSkybox":false,"showFlares":true,"showImageEffects":true,"showParticleSystems":true,"showVisualEffectGraphs":true,"m_FxEnabled":true},"in2DMode":false,"pivot":{"x":-0.14417678117752076,"y":0.13910044729709626,"z":0.028213977813720704},"rotation":{"x":-0.00016118715575430542,"y":-0.9995704293251038,"z":-0.0056878128089010719,"w":0.02760150283575058},"size":0.5989450216293335,"orthographic":false}